/*
 * BSD 3-Clause License
 *
 * Copyright (c) 2020, FreightTrust & Clearing Corporation
 * All rights reserved.
 *
 * Redistribution and use in source and binary forms, with or without
 * modification, are permitted provided that the following conditions are met:
 *
 *  Redistributions of source code must retain the above copyright notice, this
 *   list of conditions and the following disclaimer.
 *
 *  Redistributions in binary form must reproduce the above copyright notice,
 *   this list of conditions and the following disclaimer in the documentation
 *   and/or other materials provided with the distribution.
 *
 *  Neither the name of the copyright holder nor the names of its
 *   contributors may be used to endorse or promote products derived from
 *   this software without specific prior written permission.
 *
 * THIS SOFTWARE IS PROVIDED BY THE COPYRIGHT HOLDERS AND CONTRIBUTORS "AS IS"
 * AND ANY EXPRESS OR IMPLIED WARRANTIES, INCLUDING, BUT NOT LIMITED TO, THE
 * IMPLIED WARRANTIES OF MERCHANTABILITY AND FITNESS FOR A PARTICULAR PURPOSE ARE
 * DISCLAIMED. IN NO EVENT SHALL THE COPYRIGHT HOLDER OR CONTRIBUTORS BE LIABLE
 * FOR ANY DIRECT, INDIRECT, INCIDENTAL, SPECIAL, EXEMPLARY, OR CONSEQUENTIAL
 * DAMAGES (INCLUDING, BUT NOT LIMITED TO, PROCUREMENT OF SUBSTITUTE GOODS OR
 * SERVICES; LOSS OF USE, DATA, OR PROFITS; OR BUSINESS INTERRUPTION) HOWEVER
 * CAUSED AND ON ANY THEORY OF LIABILITY, WHETHER IN CONTRACT, STRICT LIABILITY,
 * OR TORT (INCLUDING NEGLIGENCE OR OTHERWISE) ARISING IN ANY WAY OUT OF THE USE
 * OF THIS SOFTWARE, EVEN IF ADVISED OF THE POSSIBILITY OF SUCH DAMAGE.
 */

insert into trading_partner
values ('OpenAS2A', 'OpenAS2A', 'openas2a@email.com'),
       ('OpenAS2B', 'OpenAS2B', 'openas2b@email.com'),
       ('OpenAS2C', 'OpenAS2C', 'openas2c@email.com'),
       ('OpenAS2D', 'OpenAS2D', 'openas2d@email.com');

insert into certificate
values ('OpenAS2A',
        'MIIJQwIBADANBgkqhkiG9w0BAQEFAASCCS0wggkpAgEAAoICAQCfsAwku7HNIAzZpN+w8MFWXbqDUni43YiKRrfwd7AFfIKLd+//+GUGxfFqsZZtZWmH3+IhmqHHKCzFKj0Cf5VNB1UqgdABnxJ9JuJ+4c7u5jjiB+HQD44M16Vuz52RB5ebU71Mmq2kyM2sIh9Bp+KmKuy2LKv6E+AjHd6c6tv/o5AP1djwePEZ4/9CvR6P3SBsg8BoC5IGuWtw7upRcgZhir0Z6Iq3o83jroI422tEA+UjzNYhiMWusuWy0+q7CqpcMeULexc4TW3zo0rtWH1u9ISjhL4XizCNJ2F+4N2CJ1WDlLOnpurmkw9jpr4EiG8MCXHnZ4AX2QeePUP1+3Il+4Zew72A4BvGpQnxJ8b4v6UbN+PgdyVFhmvA6tFMMn4vP/eXOc3GFzfqSRWOzAS8nfcngIqetn+/QGgYnQKBFAtlq5Y72/ULqb9sjguBdEpiXvQwztBbF+H2VG1PAyZbQOV6N7dqL9COI6urKZXOw091xbyObpAOIjycii8WhE32vkCQUPJlevoFxIJHcCb5Vow8ndJNQ/YeyKJvNX6ykYlpFAsuEoyzRPNlXP+kE0eyzloXCScma+Zzvp+asmaPB9irXtW4bYvhLrdXZJu/P9U+NNMcS9DSBYlbeUP3ClHxQ/E0CJaNSNA7Q3ysMWYzHcjtEeF9gRW97JdsZWVElwIDAQABAoICAC4HBlkIKMWhOVL6bOeJXZDRT1NO0DEo2ZRRse8D8J6ENvSQS4MSS7xaDa3dJii+FF7vrzRUZ9EJyW3DMPapY5ViSbAI3rW47hFYxewglg7SGQ89il74PM+C0NJR0W7eK1rAFk4gP3DB2FaHN08rXu7abIRN9/wLAo3crC+6mlLjCEEoOHGHyqbVytunu0loSVI935Wd0CdUBp30n2F+ZkxzOvJezq0D7/JyeGJ/DDn8jW12OzpLO/+Q3RhgcMYc2uHcF9LpVdYKq2iQZqZm3TDAFgMz3b7XhdUJxtZVZkN/puxYTjhCqm5vcP4eL6MK2Ec16bjzYj59de6sZgxev5WyZcIF+Vn1AeIDKELcbAZlmXEzJqnSxv411bzrYiDUv+iJ1E8Z8MjWUpPa5j1f2VXcsU+vETP1F/JUCKZY90PWVd/z0p5PV4ryztiHwsrviWn55FLzRxIcagq8oIP8BfNJ1Dlh0bovgmgfN3wFkvGgUCs8BE60CoZH+H75Yi6CBWTUt4rFoChd7eT5XafcK5b/AQVLzfd9xYlxGVCICrL0Osb64tLUWaPlQrSrxCcb+t8Oew1oq72gLu1iOd8z6N2BMs4veBsDvVdJkjwJDpksFTCc+o6TxwtoPjsG2TPJfwQL0jS0n0ChxlRSlpjfd+WTobTNzg0l+A40KMdwfrgRAoIBAQDU5uHrWo1t4tNY7qGDW0ABpWUY3BO7cqIuHdWgRtZ8wn5ng+0ofE/ij9Uax9+rZPR9bI89+kA8wRPP+PWWzCX14wJArekvZSVRR3ILTYlwo/6wk8nvDPHRmWTPrHOZ/19CXQNuplBSy5aMY+psX+uvmYYq6erzPYcNhS8zEC6FeXD4OneF8Zcx/ObLzDHZJvimV3/vCWa/mbS6Ul+K4T90vqQ11AXxHEySDYAfoXAocWzJvR7QybfZWfE6D0XKxruqAN67sxh6Wz7u2gkVyI9jSNz7O9fcmxbTmmrMHPALjxEnQ+eVBicKbAangyJmnhtrQGGxm4RYMlpaZc4RhB0lAoIBAQDAA3g9vOk5FrsfhDRWyDetOTdD3fbxMMuOdZ3duuRrRIXcllhfN6zOSqbfnlDNpfcnFbBZwNFP+ng2XQ2XCSmFuia8Nm+KaabV4gvuOEEAa3ikZetyUOB1hjAfsQwHToMA87MCs9y59y0SoyG7IzImeDnCdJqkGQIL3rcsjSQOR+vK5cSzHJZ56JBN+Qrb4SRnWXWTt7LjDKgyinnXuhzMwboVyCsmgE7cqFex2d4oVj7z3Hn43wN1FDoUXLSqzSbmsDVWXzkzH8nBUi9WWfJFdtKLs3Y4b+9oVinFPrwml/m9yAsebhhww+jQMTe/Hcg76FopS1O3Ab5QNWsjMrQLAoIBAQCg94dsOGSh5lNA8/sto3o7RF+xcgOBP+Sa1XfE3IoifbKwdTCD4alMdM78lo3nukaX5dJPW7vhs2FVZrfYMbWpuN7lJBgf+2tBjrENFqyJe5R+0N5mXPUgMcfktFAa6NePB2Am8pvcXY0PzCNbmRJLC9pC6+T1z1kiwcWz59IknHLrWtkvbj+QTdP51gMCWdK5gYJ6qjMDPiVEki8mg7NEgzcIc6uiZnEGJCrwv1BbY5aK2PBJj5nvPW+DJDTyYVtV555/b6NcL0zfrf4ceCzhNh/N26sTYjbZ+fAxLtfXBW5Er7SSGbq+yHongKAr0fKNHno+nIRtYnSp0DsDR035AoIBAGaS8+73NhfbPsdNVrBtcODGyfElaD/cc0F9L4I9zrxG9MOsRTVIhrYFRzP6XOwfFvL4MSchTC/Pe9x+xT3EFTxs/zhYVCm62vczNHBj+MWCpAYetDJzZhUiRB8J84ULugwOI7jz4JwvoRJttx1DZg0K+MAajmnPOjqhFXVlSLegUCQprnSIdxJU3JHq0pQ3p7zWG2t4HMYSAuBM/V3y/GOdsgzky7hbnsVd4MsPuhAOUr7vLvF2IWCwF369L3527asawsOLRwE6oAr4HnWgwz28hik/C46GrXwtW08VfmmXkkCB1v7Ajanf3kUppcAg5tCqBVA9/1CqS8KJZtx8v5UCggEBAMw9lV8in6GZXf+yzPoNdQsuk3id97qTvPki4cRHkdYrgxUQBzHPdU+GZ3S9U3hQgWNppLKVyd/WtAOwPjW1lXIVcy5VbOou1zx1+fmyXG4rElK1urc4qMx1BENwkWIm6UZoOyZAE/pzGVZusSk5GrFGG+5UMKSgAbPuIT/aq4wBF+XaUfWM76DQ9etzUj8UgE7QfzQbqC/H4GDwwtmipn4s+TeGHTSPgQNlYLVMkBeCs5OYnYT26kAjflEdoqz5OMKdbOreEhLWue1Dj1UnqKH70v2+yAKhvJxcBYQJyLB15ysYIlV2nhn4EmqS5Pc9WeiALK2KDsOKwWckoBmOtKE=',
        'MIIFeTCCA2GgAwIBAgIUEf+SI09yDXuG/sECbCEsefbvpbEwDQYJKoZIhvcNAQELBQAwTDELMAkGA1UEBhMCVVMxEzARBgNVBAgMCkNhbGlmb3JuaWExFTATBgNVBAoMDEZyZWlnaHRUcnVzdDERMA8GA1UEAwwIT3BlbkFTMkEwHhcNMjAwNzE3MTYwODE3WhcNMjIwNzE3MTYwODE3WjBMMQswCQYDVQQGEwJVUzETMBEGA1UECAwKQ2FsaWZvcm5pYTEVMBMGA1UECgwMRnJlaWdodFRydXN0MREwDwYDVQQDDAhPcGVuQVMyQTCCAiIwDQYJKoZIhvcNAQEBBQADggIPADCCAgoCggIBAJ+wDCS7sc0gDNmk37DwwVZduoNSeLjdiIpGt/B3sAV8got37//4ZQbF8Wqxlm1laYff4iGaoccoLMUqPQJ/lU0HVSqB0AGfEn0m4n7hzu7mOOIH4dAPjgzXpW7PnZEHl5tTvUyaraTIzawiH0Gn4qYq7LYsq/oT4CMd3pzq2/+jkA/V2PB48Rnj/0K9Ho/dIGyDwGgLkga5a3Du6lFyBmGKvRnoirejzeOugjjba0QD5SPM1iGIxa6y5bLT6rsKqlwx5Qt7FzhNbfOjSu1YfW70hKOEvheLMI0nYX7g3YInVYOUs6em6uaTD2OmvgSIbwwJcedngBfZB549Q/X7ciX7hl7DvYDgG8alCfEnxvi/pRs34+B3JUWGa8Dq0Uwyfi8/95c5zcYXN+pJFY7MBLyd9yeAip62f79AaBidAoEUC2Wrljvb9Qupv2yOC4F0SmJe9DDO0FsX4fZUbU8DJltA5Xo3t2ov0I4jq6splc7DT3XFvI5ukA4iPJyKLxaETfa+QJBQ8mV6+gXEgkdwJvlWjDyd0k1D9h7Iom81frKRiWkUCy4SjLNE82Vc/6QTR7LOWhcJJyZr5nO+n5qyZo8H2Kte1bhti+Eut1dkm78/1T400xxL0NIFiVt5Q/cKUfFD8TQIlo1I0DtDfKwxZjMdyO0R4X2BFb3sl2xlZUSXAgMBAAGjUzBRMB0GA1UdDgQWBBS92fHl+qSbkp22T5G5c1L5cOEJ4jAfBgNVHSMEGDAWgBS92fHl+qSbkp22T5G5c1L5cOEJ4jAPBgNVHRMBAf8EBTADAQH/MA0GCSqGSIb3DQEBCwUAA4ICAQAT1GBISUGtqgOYDc4TrUvaPMiTY7CdO3niwbFXPrqw6SgQXNn8ospxoVNHcjarzBq+8EqC8GKBMXr3xAqUEvGZBJwOsDv9NOjseYUKdA2HOAZvviD6ZGnmFDzRBAvXHvZ1FckZqal6Tz+he0fES812FH10zClBSpq/bl7yaSS1ndLIpK/ELMWrWZ3D1P0GdVgua+VJ1YvJSp6JwW41/Y0zpK+3POuBlY6BWo2hM/EtXP9IJXBtlfwVq/nethW1KHTSegiooekngKy2dTW3sD6RDXAy4kDohWfOdiYyg8wjTUzHve/UIi9sK0tRZlLEfBKJ9jTHk6EAa842eNhAxioXpbcXsCHwr6PRP0HHAdn9HLxQoEQtiIcal/8m+T1SoU0IJzktyYO/juS8+WV26kLKjsvw4njioczkqzFloS+kgPYclHRvYkieBCBlrJGKoBwJ5V01sVBfBy5aDUANouVCWt40H385fy7GuKbMBzqInrqR0vqSbnC1NppNQHAVTv7fDgvoG5c2aeJFNCHpWNEOXNfb1UB4+m7sX6eV8Hk6AMDmip7dDA/QWQnz74xLTcgcJpgp/6sji05+ciqEHapyA3wjOrjktow7mvtNDovBbV6X8GxrVT39gtfMF07Khz2nUU/CS4DodQZnxx690EYECpbFBidGCw0pS3+XOfnJ6w=='),
       ('OpenAS2B',
        'MIIJQwIBADANBgkqhkiG9w0BAQEFAASCCS0wggkpAgEAAoICAQDAdZ7vWRIyI/MVNXGKDc2GCX2q2pV5h+7vM020ZMkK6hXddCXPJDzBFFCzc4nkkHxXjoZmEc3P99Y/aIBND6osGgOLAiak58udD7p5oYXIoJ19AKfnMQAt/tk23JTAm1KeXZZnosS20nzgaWRXdMGEbYDMTuLh2T32j/27DwbUPo0VKrzg2UMlerfCWpqmVtzvOgMu9yH+jU8s+104TUOLlwgOmsFuziEyGB9gWXQkHsI7NpxnDG0GYK1hQvML+d1CrGzwKclFoJ7wvZN6fHHZX7I9zS239eC+tBQLOK6JvMPXC2JI+EaepoyI3J1wMXkqdEFYEnZIM4JZxaug9BnkytyvYuDgi/Lze1cL75kq7m8/U2caxWwJ4HyMF+Zf3IM4rcAZjwBYJbnsiWXBKCIbRmzoqJfMxy7lY+O5FvEblwK5qhyrNEUTEcyFep1doRQ6sE0OertyzJSkO4fcHXey4wMpD4IityOOTRZbiXVWkZ4/orNQcKmxAt6hRRgdXFzUPd0BeGzvj7LCBvP5qoYsROGADhumEioXJaJAJNXk91kZLs3gL0qMI9i0NvWus851f9atj7MXW+x2ETK1wc2c6A+gve43p5SqYbqw2l6sWeS80FGraS5b6vDVUpwRjRw99x0Cb74HVwaqzxIVIfxvjYng7KZfdPHyvJ1VyZBGIQIDAQABAoICAAWVI9gTgFid/FYYJ8P2ZIjHy7JiBsXwsHiVx2I9Liu34Ix86v/YMD71hOW/qzdLDaBIjRN23r5ylO9f66DQnIIM+x9UH6TW6GwU4bbXfZb1Obw/gZ9OJ5At/UT/Hv17Q+k+E7fL2+LltiOYSwXSaC6cMok6nJAqigaV5KlBZVRQwCzmAXaQNsdmiOAFWskKafwydZcuKflFRg+q9uhELXpmFiC+UnARYJsgYgCcd6b4kW/ARMckcCEoOr9AfuZRCB7/+2T4AVOYtiOLjDSYWYERqozqX7IfWraNaKtuqHlsVU3ukZpGQV4mvJrXs2VmufoGR0LzviSYAebyuejAS+PvEdL6cHoCSXtYnnrI/w3XyG7PB1IbP60lYY2l4lN4ctD10jtjnNTCX8wZpWZ2JzeqqGcsPTPZVFY6Oz02XLckACTlC2D1og3Ey//8T+KkUWPJVuHJgokVPeEa1f3wVAplMhaTQjWnbp7DP4YOPXD5eIiU6HfIT5uUSp0VjlutSbnqH3MqNfoDE97bwDI5ZOUd4iG778941Am6snDPwu4RYmRUTCojPKUF9Zz30Ri3GGZYHWhI7jLt87/jUblnfO6rx08+WGh/R3lDyMUs+VOKMS73xGq/uSsOavrB+DwhJpIo612yBalIWat6MRawk1bEBlHBO4JBWy/76+ZmoB/BAoIBAQD/LBounNicGZr1INDeWV79hRcS/KJOydh5Rzw5ex/raIY9KUfpacWRrcyiruqWwu46n8ehap3elSzKNCtuVNbFB9gW2vXtWXcNVg18jbLi9iqS6g+vjr47I4wvrS0ovVZeEr8SnfzDmxa7cGdOidRJ2ih3N1BHDaBLZVvVJrT4Xxmtv77Vgf+1za8lqHjZ36PM6T55JbbK93z61GPsGoPvYGHBGhziluDok6pLNRhWanD8yTnPMz7rVwgKw88zV8pb6psSb1NjgYgIwpE2kz2/+dTFnK05BPZYQgLt4/g18BDqSd+dIitFMTZ9NG4PYYz/iG7yby3wwodViIjD5crJAoIBAQDBFXDxi3pvT8Q+UtwyzXylD4PDKLxCJKGSefzbDkhSS2Qc74kVMlS9LiGXmQ/+5gA4GNWHU/SGztbS2yAYH6KWA+r5+FCLmSPH5OySNg2PYlMUixvUJ1+fuLCGyo3I9t0X7eLfBjsB58jKTddxhwTrDCE12NPApvzvMw9HWVapjyQG1zH7xzhtxhv0JAynSsG7RO7AydgHkRAJHWEcFTlloxuG8/Cgw0FNf6DS1JS5FS3I+kaX5lhaI0EsDqbUtebrwpQO7RHTOoSec8CZoIoA1vRNlYvWfD76xl1gJDjvYqyDQo6A0YzicBL5lVpbuYr5DbrB48T+Zv2inoVPH3SZAoIBAQCnNX4ep1bly32YPZ3A5i1x0YGSRowRNwEsT7quK/l5qC+26lMeJ9p4ILxkqlw82JWFQuhs5NF4ZqZIBjGjheKKkB5Qs8DNfH+f9JC32p6rTQYO6WPH9bDATgXxw/hApvlugbhFedOFVh5qSzjW5Uh/8H3tyQhI1yv/2/Z2UXvq+V55VZm2jQ5EUvj/o0s18e+DOiBfAJCspcp3DzA/KgzkknLcN8FP1fChVwoTaEJ/dhZ9/1prZThIvOofK7qd+Vw4KR7e0KaDIQFEREMl0Qx4vTxpFccJAzBuGyuSOX2P0rUy4Z+vdxGFsL71AqNQXusnE38oTCR9jOtj6Ck+vVjJAoIBAQC5lrNd6LQBZAl74kc3KZ5CRZxfrLrvVKhc05ZAtAS93StYSMFZt2wN/tZZEc13M3pIcU5k6kSigxOnzumVZmrviMqGBLDezY6/54GgtAXqqRa0K1XPYR0ft/UtSmpoHSi8hHJJ7oIvPawZECMiQyZuCtWtHUHD7n42KLzp1qxfBHAbhyLLIF1T3lUmILRs5IU8THC0rA5Sj5N7P1sFFD18PQALglPrImKVbDSYEa72C65bfHz4KncIBNTy1Q50bHeOaxPHGQXGI3wvlZEt2UpsrjBaloC34+rhPmOoMojrR8wLyqCQn1qsmA8VCQK2Iay74P9+uEC0SyhF89qtB84ZAoIBACP+5azm+ni7uyAmAdx5/ysZAFx/dG83SBak4WCwDb+ymNmfDoFvEE4cmiIRWAzGg3fhPe6GELp/T+Lg4Fs6e+qV93muj57UqOf+KmDuLaOMHiYVIDNFCw8EY8gdeHXN2v4U9rXp7R6h/vJEB87cwDK87n1q9uLlqD6Ox8SLj4hvpjlmn2EPrdNY91WVH949pYQ/csdgULCYKJPqFR6OUhXD/qjz3ghZwQiQF6uOLMIIUiqRrimchbwzS1Wkf//GFtlVihYpuFPTk1Q7th98w7nnClyIn08gR4QG6zVrhIanpy4VPsZEkgd2bN5+w41qPl9Oguisqx/05CoQ8XqieJI=',
        'MIIFeTCCA2GgAwIBAgIUbia3k3Xdk+FbYyzkNuAh1+A38KIwDQYJKoZIhvcNAQELBQAwTDELMAkGA1UEBhMCVVMxEzARBgNVBAgMCkNhbGlmb3JuaWExFTATBgNVBAoMDEZyZWlnaHRUcnVzdDERMA8GA1UEAwwIT3BlbkFTMkIwHhcNMjAwNzE3MTYwODIwWhcNMjIwNzE3MTYwODIwWjBMMQswCQYDVQQGEwJVUzETMBEGA1UECAwKQ2FsaWZvcm5pYTEVMBMGA1UECgwMRnJlaWdodFRydXN0MREwDwYDVQQDDAhPcGVuQVMyQjCCAiIwDQYJKoZIhvcNAQEBBQADggIPADCCAgoCggIBAMB1nu9ZEjIj8xU1cYoNzYYJfaralXmH7u8zTbRkyQrqFd10Jc8kPMEUULNzieSQfFeOhmYRzc/31j9ogE0PqiwaA4sCJqTny50PunmhhcignX0Ap+cxAC3+2TbclMCbUp5dlmeixLbSfOBpZFd0wYRtgMxO4uHZPfaP/bsPBtQ+jRUqvODZQyV6t8JamqZW3O86Ay73If6NTyz7XThNQ4uXCA6awW7OITIYH2BZdCQewjs2nGcMbQZgrWFC8wv53UKsbPApyUWgnvC9k3p8cdlfsj3NLbf14L60FAs4rom8w9cLYkj4Rp6mjIjcnXAxeSp0QVgSdkgzglnFq6D0GeTK3K9i4OCL8vN7VwvvmSrubz9TZxrFbAngfIwX5l/cgzitwBmPAFglueyJZcEoIhtGbOiol8zHLuVj47kW8RuXArmqHKs0RRMRzIV6nV2hFDqwTQ56u3LMlKQ7h9wdd7LjAykPgiK3I45NFluJdVaRnj+is1BwqbEC3qFFGB1cXNQ93QF4bO+PssIG8/mqhixE4YAOG6YSKhclokAk1eT3WRkuzeAvSowj2LQ29a6zznV/1q2Psxdb7HYRMrXBzZzoD6C97jenlKphurDaXqxZ5LzQUatpLlvq8NVSnBGNHD33HQJvvgdXBqrPEhUh/G+NieDspl908fK8nVXJkEYhAgMBAAGjUzBRMB0GA1UdDgQWBBTWaHOxwsTydM094PAUu+0MeUleLDAfBgNVHSMEGDAWgBTWaHOxwsTydM094PAUu+0MeUleLDAPBgNVHRMBAf8EBTADAQH/MA0GCSqGSIb3DQEBCwUAA4ICAQANbar98CtvnTl1agXB43ubhyNnz8imoemZKTnT0coogJJqp1HRLz96BhNhq++wIPPrjKtjrpzDhnIYrwz03Y0tiUfYS5Re43YzyUkJnebWnRM/XIAdXoyEFI1bin2iOrX94ezzSOybOBdjFbVA35nsySvFIkGa8mT2x3nrYKCXAi4HSNsrWYOBpseByR9jG9MOdmTtjkfvvZF6vPWXAxB8rZ7kAy2Hc8E6jL5mw421TKzKI0VwdBzZUu8iPrBzLiowlfMz0uTip8ImmFNjtPRe/SCIiZjyReR7vujOVvx7o/onWLeQA6zdXyQ58ItOA3ycXql62PCFEcpMp72gKHB3UdZBjlxrad4cEogyYlUeqcnsOOOKzHFVSGb4bmqy9s62vKZI2n6q1QGWj3v8iuCRVg0rjTl72DSigO9gTvI9XG5dPWvXnYQXiMS4n2y1qHBlrm9YUknAX382rQCrDd16CSx5VezoN1QCAHGoTda3uUoefuMbWPZ5qp0ljfDKD3qcxbiNPSrK+pFnjhKhEaCaHXNHevtcJwEzureJZfjxCDEobNdLss8Gjx3ZD/awRopIi+Pi9Z71hEEeCy2rqaXOfMqVofBETdEIhuCPCzKYd5Kk/n3gKGhAwZm63x5p7MVhtjNP6GxpZ4YIVpyHmk4wCUd7S5SqR3SFIdZZeveE/g=='),
       ('OpenAS2C',
        'MIIJQgIBADANBgkqhkiG9w0BAQEFAASCCSwwggkoAgEAAoICAQDJbpMlJoncXDAuryyCiBFvQDIYO3+PvMzPofO3MufzceO1d/H/WaVJTIh3brjk3aFFQchTjtbDu3gd6ccXEZsntgnIuL12TOkB85I2pZq9ngjCBiqzCs3hgkbcu9hjNGdlfdXBAXwCbUqWTvzv2cfIBB83ZLfZUK4PCONp8ei2QgGiHeP3/sV2tsNLY8QE8pAFZksgAScRpaIRaD0of04zINCcLR8L8w+gGBJD+kPM/Tto1wGFRJM/ty+rIkxBKbwC8pg9QY7iNU3YCmvPKVWSJik9YdLGkyTMBMbXEerqEHBQzcRtvjkzY6ccJAxE5YAY4hWqgCQh7oL2mf/C2LwAtWgh/h7/t6Tr5/ySC6S6rDByrpvasDMOIR6gCPYgXXYulugtrXQTvNRE1BjZ4fVBWLRAGqbk8R/l5QMWMc8TZDz0kEeEQNf84rxAbzw5xeFOf1Ltzr4YdV2GMYAEZWYJY3fhVbQ4wOwMQ3/MjCSJvUvXrtvDdqqO3q/JGfpnXQsmjuOwlnPbKqrpU92MTMU+JmL8nWmC6xrblrilePTIjVVFLnUPmQyEkVBrn4Gzo+hAiax5A4FUwXTmnimREp2AFIy/Y6yTJV/ihBtWSsSvWJJeoPWG4XJWpwaI98k9mtnCe2ruH1t3y4M7KsjGIFQmP9sRYto96b6smGXxcoyzQwIDAQABAoICAG/7aw5SOH4rOhYaCLKglqC0naTfHvF30pzzuhv0zwKGJEN0ZTLCUaNISu2qvltt4wQvqADb/gVeqU5n8uiePxV6nEHcgmfMJhWRpY1/z2DvBItpBj/3F7HwzRhVzdyI+5putHDSNHDc9YROcUueVPSbZgdTlOnZcoqlNFhnxinc1C+eUmhCWODAhh3ZXtYpS2vVDJrESUYEQO9Qdf+Xlo/SBGdupj3saJlmCHGGJj9F4MtODGhcUUgwvO106dOoMf+pgn07fwW/AIHEeV736byQPokDYzxF/UT2utxB98kcTnR9kGA6Sm6JThPU7oU22Vn8BnN9PZknkeMqhgd6mjkGDLgnJ3DsOygfplI/Byr+L0Ltp6KHEf6TNENRKnIIYh8/SKU1+K/thAePVgjhRePpa1DYNqSIAryzOfu1GE7uVZ92izirghcN0SHvjAbH1IVXMyb719AUT0TX3xXy//tvBaQ2HrnaMdjOo0CxH6eT/79Zuj2L1Dj40d4v+6YQGkwzTZqtRDG3l06s0JZE0MYsqMFaufDc+MueAHL6fqx+BH5l66/X5u5O4oVOiUMoV2ES4tp/un+Wt/fmYnLm2UCP2nys++6SgxZ/YXTTWnmVL+4dZt0PFwEvIETL8pKyo8e7pDfLYwMpybKOUq/ain0PZOA2FVNjTOWDpVK1wpSRAoIBAQDpPf/AAof/z2vl7c7ChDTZEtztx0IWQwYElNMlMZtb4Y+3X7t7bq8CUd5ARE1e+kweufBcNql2+0ZK7lEuoRQZkRzkG1FIe53T/wtdk/NNUjCvIS1Smp1KViVur2UAfhx9AqI1VvOLs32SmxGE85SEXifsZXfM3HmnNzAMb9eOw/xr0nCKUOhU4UgECsNs6KGNTTaHSYco7gRxoKhog/pJ4XozHkp9ZWwFLQ3EiLFJMFFhbCDJnMZj7CyYacDco4FGhn0kpPccLjgtn5G9HBfqcTiHXKb1O2rDyZCtziH/YvgltSFgl3GTdvmkPQ4Mo9m9FjKr/rFGZlHkm0CEwgE/AoIBAQDdFgI7MOn4QGIZFku+NIF1c6omx5T4gmToZX+PpjMAkVIe9D3fWV+uopL1746N3aZEwv9vdxlS/0CFVZpIyHrE6amFnvlSBsWPNWN+oxn+q36x/cwgsP5Sc5ct9DvUVMaAOvX/TjhQo9uK2iO0bovijPOcOi7Ix24mSutOFkKoWNATSZaJTHtU379T52R8Qx63h+y1Cf5hRPcGbhVMdm8Xz7kzu3XBNBJ6V2q4ZhbYnSO9sH2IQh/fpvMsOTFDtH6Je0XVWSzVOqbvCoPHPOJctRoIh7oe+QuFBJcuvKcSqBXCokGccW6ck1tz7l5XUoqVOIcBBH0pWcgvFdCf2Ij9AoIBADPqC9G1/oVOqqpryvh6qrSiQTBfiHMiCeXdJj4CE51Y0D81fKpVkXiHtltBmKMKPQUdx8UOmZuVBClLcCBb0/h41yBigC4M7a0w+FukwaO1JobkcI0RQu83y28edPGuIDMm8enDZ8PxeIK4JycbfDQWLPauAwNDE4THgNdT0XvCXZ22Ijx3E69I0Vms96B3CvZDeF6WXBIdIDoWU0WoEn59RFC6bkQI3gks5QKYljU/Hu37PjUBwxqch7SI3Vd+wRhseNA+M44/L1vgR3T7Gsug1b8zPSoaRoI7jAtTdTe91JO4BCzWqH31Hk2TFVx039L5bN/heZ28yn+CmtKxx8sCggEAFjX302p+luog8NREl78+okYUegDi/nRbHt3TiuLvjMcMsP9ol9+qtSiwCvUeJTJ3WcEdWF1mtefe24ZWEanSa6Xt2fa2pX74qgJ7FGXeXq9r8wXEVCRz6GSkc4Ft4U8DAi7qN9Pr5G4RyElR/PZ+Jyxx7OgLezBN6JruONITsEX74XQrI3ADk+tGlW9RsQotM9L7/NQcMjlzd7nned8MGiBMQt46XkaU9KWDmzLmaKygwpXQhrfd6+Ih2/eC84JWlAlGYsCquGFEFA/CXWnIc/fdva2lDSeH+L0VUySwxDcOuJcEcGsU6bYEIgl4gN1R/tvG9Fs3F8hlTBWs9+IRIQKCAQEA1i5JpcPjlbrpz0V0v8y+8uT7a7UTOY+yCjJvYbdOzWA6tVoAICwBy/b9m7OFlLnbQsy6C5H8UQHI8/IatdwRxGW+wSjwrA63MnrdbLf1L2XSk+7xaEuJHhVt9cZ+Mc6E+l57AGiiUEyZIqo+XGuljrtmeLzTLBaKIyWDhzF+z3BUin8i1xvn9jzmRnVKzhGGwC23cVnINL+GiDgxJPA5oYa/3nK4gHHkP4RGFR3rWa5AeoinS0ZxAMqbOdXjCX/bT2sW640jVKERID/c2Z37fNF70hk/TZVy4kdnF7H2DOMzvBmNC+E44M5Kn8Y7EkeDSWBpUkG/MqcBjGPS8LBQKg==',
        'MIIFeTCCA2GgAwIBAgIUbqLUL/tuEtHzYa+1qt8STYQZgKswDQYJKoZIhvcNAQELBQAwTDELMAkGA1UEBhMCVVMxEzARBgNVBAgMCkNhbGlmb3JuaWExFTATBgNVBAoMDEZyZWlnaHRUcnVzdDERMA8GA1UEAwwIT3BlbkFTMkMwHhcNMjAwNzE3MTYwODIzWhcNMjIwNzE3MTYwODIzWjBMMQswCQYDVQQGEwJVUzETMBEGA1UECAwKQ2FsaWZvcm5pYTEVMBMGA1UECgwMRnJlaWdodFRydXN0MREwDwYDVQQDDAhPcGVuQVMyQzCCAiIwDQYJKoZIhvcNAQEBBQADggIPADCCAgoCggIBAMlukyUmidxcMC6vLIKIEW9AMhg7f4+8zM+h87cy5/Nx47V38f9ZpUlMiHduuOTdoUVByFOO1sO7eB3pxxcRmye2Cci4vXZM6QHzkjalmr2eCMIGKrMKzeGCRty72GM0Z2V91cEBfAJtSpZO/O/Zx8gEHzdkt9lQrg8I42nx6LZCAaId4/f+xXa2w0tjxATykAVmSyABJxGlohFoPSh/TjMg0JwtHwvzD6AYEkP6Q8z9O2jXAYVEkz+3L6siTEEpvALymD1BjuI1TdgKa88pVZImKT1h0saTJMwExtcR6uoQcFDNxG2+OTNjpxwkDETlgBjiFaqAJCHugvaZ/8LYvAC1aCH+Hv+3pOvn/JILpLqsMHKum9qwMw4hHqAI9iBddi6W6C2tdBO81ETUGNnh9UFYtEAapuTxH+XlAxYxzxNkPPSQR4RA1/zivEBvPDnF4U5/Uu3Ovhh1XYYxgARlZgljd+FVtDjA7AxDf8yMJIm9S9eu28N2qo7er8kZ+mddCyaO47CWc9sqqulT3YxMxT4mYvydaYLrGtuWuKV49MiNVUUudQ+ZDISRUGufgbOj6ECJrHkDgVTBdOaeKZESnYAUjL9jrJMlX+KEG1ZKxK9Ykl6g9YbhclanBoj3yT2a2cJ7au4fW3fLgzsqyMYgVCY/2xFi2j3pvqyYZfFyjLNDAgMBAAGjUzBRMB0GA1UdDgQWBBQ/KtLshIYgzS/Sfw24+O+z8VPw8zAfBgNVHSMEGDAWgBQ/KtLshIYgzS/Sfw24+O+z8VPw8zAPBgNVHRMBAf8EBTADAQH/MA0GCSqGSIb3DQEBCwUAA4ICAQBJ32OX0ia5YPfM/OeAtetfW8K8HyFccUWXSTTe7GsaOvoP5LvqhnjVP8OtpE1SrJ6sL1VHEYpZtHDzc2+gC3LVkhr35E8Pg/Avl69X5dkYEdlp0ELxWlVmxqtSebWU6HKtcdBMA+ZAYF1OX5v8qDzAYoQYhbL7G6ZjDR0RxELqRSVQA0AXEZEyxCLaBmMHkzV4UBWrSyA2tiZmLkVvG9iU0epzOoJEbZBiDgOyIAfmLWyRiAIhDGUzAnZy9sU1HtrnJSyoaAekANhCtonz1BPwWvXKTKLOziQCuKZztH1lfIAouGrKo691IPQUTZ55e+j4UUGMPAJXR8pEtVkkMdiHJC1Zb8QCAmXYidIXfhSAXHOI6xS/I/aOr6hhVZwrBISknOdAmbu6+qpW+UJEuDlhuP9wgbFn98ty26YuWl8zW+4DG3EDWeVFAU9Jjrm6asRiFKQmyirM5iDvj7o2dS/QjILyHzRJSBYlTuFAjjxrFm3QOwfnBz9K2PJiebbGCSrW1mn4ptFulhRvcmBPR5dYNnVevHVgDCpF0lf92LCtf3MoGBPhLDhwlZ1apUkJ+vQBJQjVGnMEXV6pU+8LMX2P+ZNPtZ+6nc4FoICoPNRvWNd9qOx1Cyu8s12llpUCJykse816I4YojywgCpOxP7Ue9Ie2ccQhbkTPWWclOBlnNA=='),
       ('OpenAS2D',
        'MIIJQwIBADANBgkqhkiG9w0BAQEFAASCCS0wggkpAgEAAoICAQC/GbRlTL9bfoWfJFSPtlmGgOmxHddW38RdDPI6cnVgXjWh+OgUEu7SnWYHWEuuy0A/UEZc5dRJoBrEWVz/U1xQ8jHgxShnLK2lHWY/BpXDLVtz9ZIoIDelpi81TKYOE3RhxN71K5OsiXApay7WMbSIq9aKXMLbemwkRF4ERPG0fKtcJWLBQTy5O2LNwIneior/KHoH5YydL6KNYOqj9e8KuOGISliCqoivzo4ezq67am7BZ3P8R9mEg/Y+rZbB5nj1L3Kj4MLeKE/gTGMV6+kUHBxZaTp3JtKS6ypjX0FRrp3SVY/1LvCbsNrPnAFYfa3+n8JwcbKdd8C+9xnW0q+Ca73Y3dLln54zd4CPIX0TM+B5hMmEtgSGLnhJ5IiVoKbXEe39AKoL0N+L1e6dpePNXTsqj9KzYuRvKcp7ocUGC9mYxMhdhlLM/jm2f9LOeyKMvXtXXL/zKmBiPbP/BkPE1J7keeiUCpNZOFVpZUsilsgi2b5VRwFllpqtojNg9QOBOB4psXVQkP29+PtP+aQJLrZNbaWyJ4SAFETOnZpYFgRCX19RU+zBeu2QBBi313ML0alyGuKUeIpGacQ5fTEQfne+u7lOBQk1uekB41UT4UyHTx3w5ybUToOtDpzqoUn3fw6XbUpUUKWGqU9926LSW2cjXeDd77/hjv8r882VvQIDAQABAoICAQCYvRXHRYFIwqZQHTyNJOUHMTAXRU+g+va6nKdaebNBE+twCz6LFNrXccBjrHnJOmCeei3TAEsdkZ7zQq2m0VzewcWF7m8tj7M2Xnojc8LtneoTk7p+4ck4V8wxoJK0e24w2qaNdIfyhmMkZ6umvVGbTyUJr7x6qa2XiyFN7kD1zhM0chktd1PuhP2ij/ph6X/REuv+NcWeuL0GnOjNpbqqajywryNxRJY9Vi2XiAB2gUoGwQYeJNtBJCwDysDNN8WDyqmpO/Lkl3nIP6WOluDTFui9ufJl25zAmr9lb3QIsjUoMQT/pcXf2on5F6qnrMQN2GkTcHyfiWCAAYYggoKNq88gyIzodswdAdeKq9v9BpBaHiP/N1sSSNJuAeRdXzK0ec57nPrzpKsS5DJxAWQrqcG9SERbaitmL7IUVv84QFposhgB6TNtrT06tcDrR8WXEd+PRyCYjLT4Py6JnzuRhFZTelBUViZVSZ3qeThR+zct2o+17cJXkDNRrDbOpMeV1n+uPaK6as9SK2W+7cWl5adyQ55iHp9E29QfjAzGwU/ekFvmESnb3VU8sS0cBRkdEjsei1EYSUp0hGTYOyzdvRjHVxIyMrA+DIHI9smdRH0hkI7nfaM4duHrNydJkSBPyqECBtGHQLvZxY4enYIHpBSopefy0U703QaQXvjJgQKCAQEA7aAKx6EkRshPxNWe0s/eIRryPCgdnrqwqaWzh+ZwgYwx8e9g+Ovf0pr2zxdwdil+gwp2qpJr3omMeHD5N39VxhSVYNy6HjElynmJh3VyXx7UbsWrAwOvsJdCUZgRZu3NvxdEa6MVNbUvLYDixBr+FaAR68cbsTqjA8xPDeY59NnEgL3P9fPXFNyzN/SYCcEq6r2UVYRop8Q29GIwrtwzt4mX5kNUrmF9gdDgEmCOfGePhUD8EacgCEAgXFxeB0gl24X1M0KcckY0RPom7nsxQZITq4fTKXJ74eKHdUb1P1bFDHZI5tNzfga2gFLrKIasDlB3oco/wq/KRrGdAMbzIQKCAQEAzeCsE+ibgZ8v7MPP+KDMkjDLt7yxA5nhJqu4QOQ0dbsEdptgWDvAhijnHellL4HJV565ho6g85ITYRgyIHABlshYm253L4zF21InWtNN2FJVGnnx+KBBl7e2KnyBqKyoIXhbuUXl3NDuqEhFSAQWeHYWDXxgTLmfGpl145NODUtEBRnX2gvkOZ6YlXspNO0Cy97DIySMVlgitwxruE6IUDINLhynhRkJBt1FHISmFmXL6k9Ts2xg2nyCC9DIqz++gnEN8N4kIaTNvGy/wEkkxcnWKbhWKrJlF3UJ7om3T/Iljij9uZKc9PPyZfhxRcYTBnOPQPwj13Bjix/eyj2rHQKCAQAl0EsG24jHTscK3qeoinWhtQUJN6UHBlRomrrIDI6ovuOPyXUYB4kVnZ1a9TLrSs0cE0Uw/Z32ytK0s92kzDmdDNd8k4N2nIGUB+UvzivGIUTS39fH4gVKR7fA/j7+rycHmq9Dpa8RXeTFC/aKGHWIgXF4oLWybU9VomSOJK3iXekcR5hZXlVCt6A5bk3nd3rZ4hNBzJFO6TWJjDqNCPOd6GJovRwzp8XuK4wMwJrMBzrajK3QLVU2muXLbNN1uzBzD40mfBojQTK+K0SYvLfo5FMG/9VFijdWidLegc0zKB6xTf1p5gpB6tWN9CQBzfSBTqLK90FQPOMmfssqPX6hAoIBAQCB6y8MHTTM9rTal7MNNgQCmTJlj3ixShEQQzsyEBCe3tbxNhn1dDeJMhSvBpMpCKETXwG6zRT6wArksc0oNSZ7jZCE/Y/O/On6/nwBT+kHAuXboGq3OAJMiM03QHzeAZ7UCEzxvQ9SarLAlWLLEHFRsUs3VW673ENwGLmRVGrj7sRM58MUQX7TcabeZetaD9s85iWEbtL0xgeaNgdgNobE/ODeYYzBbEwK/eVYGsloxvKIuWibiGASYJH8fNO1ZbOGQ2vFvZlVddey+XmEEWRYQIeaqk4OAafTxrLuyg9ZLvjOHkYHLmNIHQ2xlbd9jYKCBri3DKZdlPnsWL9SJtptAoIBABOBuQ9VcbMUOzX9FlbYjaLH9KQmXZpRVqR+DsFdzWIfU01Nr5JLfJO4dZZuJn/78ysEuYMUOu9UXqIjy9JxersbWqjcfsAOsuYMVdNAqEEm0bxXr4GnIQOpkmYYNHmGEXRD47OfFObeHx0Nhz+t3Htzcto4G9W3oGOAADEABe26K9kftqPWUl9u1w+Z6bF3oHHvKBEGk8vt7p450tkT04yb2fioJ5IKJogX6G1drGY1eyfTn+AVBuWKg0ZFTTqSeRDpVhd4CpyICWEXJHQOCrTrktBNTJ9wD1ORIkfIYuIyWt3q8/uLIhPZAQlixGFEnCYz7ZhK8eBdcXyr79U1QMw=',
        'MIIFeTCCA2GgAwIBAgIUfz/qz/Nbtmbredsys1QqDSBQCXwwDQYJKoZIhvcNAQELBQAwTDELMAkGA1UEBhMCVVMxEzARBgNVBAgMCkNhbGlmb3JuaWExFTATBgNVBAoMDEZyZWlnaHRUcnVzdDERMA8GA1UEAwwIT3BlbkFTMkQwHhcNMjAwNzE3MTYwODI1WhcNMjIwNzE3MTYwODI1WjBMMQswCQYDVQQGEwJVUzETMBEGA1UECAwKQ2FsaWZvcm5pYTEVMBMGA1UECgwMRnJlaWdodFRydXN0MREwDwYDVQQDDAhPcGVuQVMyRDCCAiIwDQYJKoZIhvcNAQEBBQADggIPADCCAgoCggIBAL8ZtGVMv1t+hZ8kVI+2WYaA6bEd11bfxF0M8jpydWBeNaH46BQS7tKdZgdYS67LQD9QRlzl1EmgGsRZXP9TXFDyMeDFKGcsraUdZj8GlcMtW3P1kiggN6WmLzVMpg4TdGHE3vUrk6yJcClrLtYxtIir1opcwtt6bCREXgRE8bR8q1wlYsFBPLk7Ys3Aid6Kiv8oegfljJ0voo1g6qP17wq44YhKWIKqiK/Ojh7OrrtqbsFnc/xH2YSD9j6tlsHmePUvcqPgwt4oT+BMYxXr6RQcHFlpOncm0pLrKmNfQVGundJVj/Uu8Juw2s+cAVh9rf6fwnBxsp13wL73GdbSr4Jrvdjd0uWfnjN3gI8hfRMz4HmEyYS2BIYueEnkiJWgptcR7f0AqgvQ34vV7p2l481dOyqP0rNi5G8pynuhxQYL2ZjEyF2GUsz+ObZ/0s57Ioy9e1dcv/MqYGI9s/8GQ8TUnuR56JQKk1k4VWllSyKWyCLZvlVHAWWWmq2iM2D1A4E4HimxdVCQ/b34+0/5pAkutk1tpbInhIAURM6dmlgWBEJfX1FT7MF67ZAEGLfXcwvRqXIa4pR4ikZpxDl9MRB+d767uU4FCTW56QHjVRPhTIdPHfDnJtROg60OnOqhSfd/DpdtSlRQpYapT33botJbZyNd4N3vv+GO/yvzzZW9AgMBAAGjUzBRMB0GA1UdDgQWBBQ70+4y8bhUAFuB1HQjtHebLBJQ+TAfBgNVHSMEGDAWgBQ70+4y8bhUAFuB1HQjtHebLBJQ+TAPBgNVHRMBAf8EBTADAQH/MA0GCSqGSIb3DQEBCwUAA4ICAQBXRuAB3RJW9PBMGH3zmxfFl+bkcs5Wuv0RAwXDomNCnF8MpLDGfj3R51Fokgc51/agZdC3/FuslvZtx9jXo5cAOby5KsFL2MM0SatU9bk1JaSMf2wYW7M4Mx2rr6zg9z9Yxqmp4vFL/220R5DDCrTe2FuV3u8FJSE9t3zJS1JyMhGiwjT5fXRAR+Qh8NSH483KGCvAyq67vw6N21H8iVo6I407Yhn/KlGHx7crpU1pXkpBrAVIdkfiPdly8Id30usOjjJnUYKmO7vK4DqeGIlkfxAzuoDGFJIz5eTSVOhKJr5OIS05dRBAfOjXOp/e5L3giA4t9QjfPn8ZnSIYN9YVouXBusveOSyRx/fG3xb4om6Vf0PCKsyqDTuKohbVQebUmwuFVtCNNG6hY2+SmosCjYbPEKBCbXxdU3CK5oqOaWs5z/SSiUrpBYEb3KCXJ0A6b0uEfhpBLR8o+p0YQYpHYgWxyOPXhJYzDU6GtfOBg344sUGEGqgqeVVuf2SYhwjGbsane44oyRXD3GLjumKI4xdK5s1coSrPgFCr2O4s/4ocdFVg9wUso06OGZYcvyX32n4pcJl6jus1k/NHxJi8yK5YT4cGqnQPtny1zkOjqN88iAwPYMCNf5mqTtHf+0jBeECHUXUOQFYJYZ1T4Tn58ZSWgZotg6YRbpCLpRt+UA==');

insert into trading_channel
values ('OpenAS2A', 'OpenAS2B', 'as2', 'http://localhost:10082', 'http://localhost:10081',
        'signed-receipt-protocol=optional, pkcs7-signature; signed-receipt-micalg=optional, md5',
        '3des',
        'md5',
        false),
       ('OpenAS2B', 'OpenAS2A', 'as2', 'http://localhost:10080', 'http://localhost:10083',
        'signed-receipt-protocol=optional, pkcs7-signature; signed-receipt-micalg=optional, md5',
        '3des',
        'sha1',
        false),
       ('OpenAS2C', 'OpenAS2A', 'as2', 'http://localhost:10080', null,
        null,
        '3des',
        'sha1',
        false);
